owsc,01101111011101110111001101100011
sqso,01110011011100010111001101101111
vekt,01110110011001010110101101110100
uyrv,01110101011110010111001001110110
ymlq,01111001011011010110110001110001
tbii,01110100011000100110100101101001
rods,01110010011011110110010001110011
qopu,01110001011011110111000001110101
whpf,01110111011010000111000001100110
dszr,01100100011100110111101001110010
ygry,01111001011001110111001001111001
rrqk,01110010011100100111000101101011
wbfn,01110111011000100110011001101110
pjjn,01110000011010100110101001101110
duzx,01100100011101010111101001111000
svmt,01110011011101100110110101110100
emrj,01100101011011010111001001101010
pydm,01110000011110010110010001101101
bcgm,01100010011000110110011101101101
rhwz,01110010011010000111011101111010
pvvz,01110000011101100111011001111010
sxac,01110011011110000110000101100011
atus,01100001011101000111010101110011
hvhn,01101000011101100110100001101110
prhq,01110000011100100110100001110001
lbfo,01101100011000100110011001101111
tooj,01110100011011110110111101101010
jhnr,01101010011010000110111001110010
wtux,01110111011101000111010101111000
hmxx,01101000011011010111100001111000
ifro,01101001011001100111001001101111
ozfx,01101111011110100110011001111000
himt,01101000011010010110110101110100
ejsb,01100101011010100111001101100010
cifk,01100011011010010110011001101011
rbau,01110010011000100110000101110101
wsrb,01110111011100110111001001100010
vwwp,01110110011101110111011101110000
dulf,01100100011101010110110001100110
fxtz,01100110011110000111010001111010
wvbg,01110111011101100110001001100111
klqa,01101011011011000111000101100001
ctdg,01100011011101000110010001100111
zpjd,01111010011100000110101001100100
ebml,01100101011000100110110101101100
gnju,01100111011011100110101001110101
wvnz,01110111011101100110111001111010
ytbd,01111001011101000110001001100100
ssuz,01110011011100110111010101111010
zydg,01111010011110010110010001100111
ofqi,01101111011001100111000101101001
jwjv,01101010011101110110101001110110
rjrf,01110010011010100111001001100110
lkiw,01101100011010110110100101110111
kpfz,01101011011100000110011001111010
aqrj,01100001011100010111001001101010
wuol,01110111011101010110111101101100
eues,01100101011101010110010101110011
owxu,01101111011101110111100001110101
itow,01101001011101000110111101110111
pytr,01110000011110010111010001110010
faxe,01100110011000010111100001100101
xbjr,01111000011000100110101001110010
qgcl,01110001011001110110001101101100
auxq,01100001011101010111100001110001
eubh,01100101011101010110001001101000
fjwc,01100110011010100111011101100011
wdhm,01110111011001000110100001101101
hglt,01101000011001110110110001110100
beml,01100010011001010110110101101100
tcah,01110100011000110110000101101000
obit,01101111011000100110100101110100
nuqc,01101110011101010111000101100011
hlzu,01101000011011000111101001110101
kabe,01101011011000010110001001100101
xdlb,01111000011001000110110001100010
ococ,01101111011000110110111101100011
iwjf,01101001011101110110101001100110
ultq,01110101011011000111010001110001
wolz,01110111011011110110110001111010
vhsq,01110110011010000111001101110001
yqgq,01111001011100010110011101110001
dvhb,01100100011101100110100001100010
ktgy,01101011011101000110011101111001
lvpa,01101100011101100111000001100001
xlps,01111000011011000111000001110011
casw,01100011011000010111001101110111
jcey,01101010011000110110010101111001
qjbd,01110001011010100110001001100100
olvw,01101111011011000111011001110111
zbne,01111010011000100110111001100101
snfv,01110011011011100110011001110110
flul,01100110011011000111010101101100
mxnq,01101101011110000110111001110001
uply,01110101011100000110110001111001
tkkv,01110100011010110110101101110110
usov,01110101011100110110111101110110
exjs,01100101011110000110101001110011
fqwo,01100110011100010111011101101111
cdvg,01100011011001000111011001100111
bmio,01100010011011010110100101101111
nift,01101110011010010110011001110100
